<?xml version="1.0" encoding="UTF-8"?>
<teamcity-plugin xmlns:xsi="http://www.w3.org/2001/XMLSchema-instance"
                 xsi:noNamespaceSchemaLocation="urn:shemas-jetbrains-com:teamcity-plugin-v1-xml">
  <info>
    <name>autotools-runner</name> <!-- the name of plugin used in teamcity -->
    <display-name>GNU autotools support</display-name>
    <version>1.0.0</version>

  </info>
  <deployment use-separate-classloader="true" /> <!-- load server plugin's classes in separate classloader-->
</teamcity-plugin>